<keymap version="1" name="Default for XWin copy" parent="Default for XWin">
  <action id="CloseActiveTab" />
  <action id="CloseAllEditorsButActive">
    <keyboard-shortcut first-keystroke="shift ctrl w" />
  </action>
  <action id="CloseContent">
    <keyboard-shortcut first-keystroke="ctrl w" />
  </action>
  <action id="Console.TableResult.CompareCells" />
  <action id="Diff.ShowSettingsPopup" />
  <action id="EditorSelectWord">
    <keyboard-shortcut first-keystroke="shift ctrl d" />
  </action>
  <action id="EditorUnSelectWord" />
  <action id="FileStructurePopup">
    <keyboard-shortcut first-keystroke="altGraph n" />
  </action>
  <action id="GotoTest" />
  <action id="Images.ShowThumbnails" />
  <action id="MethodOverloadSwitchDown" />
  <action id="NewDir">
    <keyboard-shortcut first-keystroke="alt d" />
  </action>
  <action id="NewFile">
    <keyboard-shortcut first-keystroke="alt n" />
  </action>
  <action id="ReopenClosedTab">
    <keyboard-shortcut first-keystroke="shift ctrl t" />
  </action>
  <action id="RunDashboard.ShowConfigurations" />
  <action id="TagDocumentationNavigation" />
  <action id="Uml.ShowDiff" />
</keymap>