<keymap version="1" name="IntelliJ IDEA Classic copy" parent="Mac OS X">
  <action id="CloseAllEditorsButActive">
    <keyboard-shortcut first-keystroke="shift ctrl quote" />
  </action>
  <action id="CloseContent">
    <keyboard-shortcut first-keystroke="meta quote" />
  </action>
  <action id="CommentByLineComment">
    <keyboard-shortcut first-keystroke="meta slash" />
    <keyboard-shortcut first-keystroke="meta divide" />
    <keyboard-shortcut first-keystroke="meta colon" />
  </action>
  <action id="FileStructurePopup">
    <keyboard-shortcut first-keystroke="meta f12" />
    <keyboard-shortcut first-keystroke="ctrl equals" />
  </action>
  <action id="FindWordAtCaret">
    <keyboard-shortcut first-keystroke="meta f3" />
    <keyboard-shortcut first-keystroke="alt j" />
  </action>
  <action id="Images.Editor.ToggleGrid" />
  <action id="InsertLiveTemplate" />
  <action id="NewFile">
    <keyboard-shortcut first-keystroke="alt dead_tilde" />
  </action>
  <action id="RecentLocations" />
  <action id="RevealIn">
    <keyboard-shortcut first-keystroke="shift ctrl e" />
    <keyboard-shortcut first-keystroke="shift meta e" />
  </action>
  <action id="SelectNextOccurrence">
    <keyboard-shortcut first-keystroke="ctrl g" />
    <keyboard-shortcut first-keystroke="meta j" />
  </action>
</keymap>