<keymap version="1" name="Default copy" parent="$default">
  <action id="ActivateTerminalToolWindow">
    <keyboard-shortcut first-keystroke="alt equals" />
  </action>
  <action id="CloseActiveTab" />
  <action id="CloseAllEditorsButActive">
    <keyboard-shortcut first-keystroke="shift ctrl 4" />
  </action>
  <action id="CloseContent">
    <keyboard-shortcut first-keystroke="ctrl 4" />
  </action>
  <action id="CommentByLineComment">
    <keyboard-shortcut first-keystroke="ctrl slash" />
    <keyboard-shortcut first-keystroke="ctrl divide" />
    <keyboard-shortcut first-keystroke="ctrl colon" />
  </action>
  <action id="DSM.ZoomIn">
    <keyboard-shortcut first-keystroke="ctrl add" />
  </action>
  <action id="ExecuteInPyConsoleAction" />
  <action id="ExpandAll">
    <keyboard-shortcut first-keystroke="ctrl add" />
  </action>
  <action id="ExpandExpandableComponent">
    <keyboard-shortcut first-keystroke="shift enter" />
    <keyboard-shortcut first-keystroke="ctrl add" />
  </action>
  <action id="ExpandRegion">
    <keyboard-shortcut first-keystroke="ctrl add" />
  </action>
  <action id="ExternalSystem.ExpandAll">
    <keyboard-shortcut first-keystroke="ctrl add" />
  </action>
  <action id="FileStructurePopup">
    <keyboard-shortcut first-keystroke="ctrl equals" />
    <keyboard-shortcut first-keystroke="ctrl plus" />
  </action>
  <action id="FindPrevious">
    <keyboard-shortcut first-keystroke="shift f3" />
  </action>
  <action id="GotoBookmark4" />
  <action id="GotoTest" />
  <action id="Images.Editor.ToggleGrid" />
  <action id="Images.Editor.ZoomIn">
    <keyboard-shortcut first-keystroke="ctrl add" />
  </action>
  <action id="Images.ShowThumbnails" />
  <action id="MaximizeToolWindow" />
  <action id="MethodOverloadSwitchDown" />
  <action id="NewDir">
    <keyboard-shortcut first-keystroke="alt d" />
  </action>
  <action id="NewFile">
    <keyboard-shortcut first-keystroke="alt n" />
  </action>
  <action id="ReopenClosedTab">
    <keyboard-shortcut first-keystroke="shift ctrl t" />
  </action>
  <action id="RevealIn">
    <keyboard-shortcut first-keystroke="shift alt e" />
  </action>
  <action id="RunDashboard.ShowConfigurations" />
  <action id="ToggleBookmark4" />
  <action id="UML.ZoomIn">
    <keyboard-shortcut first-keystroke="ctrl add" />
  </action>
</keymap>