<application>
  <component name="DefaultFont">
    <option name="FONT_SIZE" value="13" />
    <option name="FONT_FAMILY" value="Fira Code Light" />
    <option name="USE_LIGATURES" value="true" />
    <option name="SECONDARY_FONT_FAMILY" value="Consolas" />
  </component>
  <component name="EditorSettings">
    <option name="USE_SOFT_WRAPS" value="MAIN_EDITOR" />
    <option name="USE_CUSTOM_SOFT_WRAP_INDENT" value="true" />
    <option name="STRIP_TRAILING_SPACES" value="Whole" />
    <option name="IS_ENSURE_NEWLINE_AT_EOF" value="true" />
    <option name="IS_WHEEL_FONTCHANGE_ENABLED" value="true" />
  </component>
</application>