<application>
  <component name="ParameterNameHintsSettings">
    <blacklists>
      <blacklist language="PHP">
        <added pattern="\PHPUnit_Framework_Assert.assertObjectHasAttribute(attributeName,object,message)" />
        <added pattern="\Illuminate\Database\Schema\Blueprint.increments(column)" />
        <added pattern="\PHPUnit\Framework\Assert.assertEquals(expected,actual,message,delta,maxDepth,canonicalize,ignoreCase)" />
        <added pattern="\PHPUnit\Framework\Assert.assertNotEquals(expected,actual,message,delta,maxDepth,canonicalize,ignoreCase)" />
      </blacklist>
    </blacklists>
  </component>
</application>